"First Name One", "First Name Two", "Middle and Last One", "Middle and Last Two"
,CATHERIN,TOM,,Luke Shoun,Marquitta Strassel
,CASIMIRA,STYLES,,Virgil Kimberley,Marilynn Kirk
,CARMELIA,SALLEY,,Leif Holliday,Janean Safrit
,CAMELLIA,RODEN,,Carlton Corriveau,Britni Ulibarri
,BREANA,MUSGROVE,,Oscar Kilgo,Evangelina Bertoncini
,BOBETTE,MINNICK,,Kraig Honnen,Fidelia Prahl
,BERNARDINA,FORTENBERRY,,Shaun Brust,Krista Mccloe
,BEBE,CARRION,,Lynn Gartman,Isis Ade
,BASILIA,BUNTING,,Ronald Seel,Waneta Lillich
,ARLYNE,BETHEL,,Williams Engelbrecht,Lillian Nguy
,AMAL,BATISTE,,Boris Torell,Celeste Bircher
,ALAYNA,WOO,,Laverne Zampedri,Sharika Twichell
,ZONIA,WHITED,,Hugo Gobeli,Verline Westerhold
,ZENIA,UNDERHILL,,Bradford Charlesworth,Jacqui Rahim
,YURIKO,STILLWELL,,Fermin Bradley,Siobhan Lindenmuth
,YAEKO,SILVIA,,Carol Corado,Sheryll Rhyner
,WYNELL,RAUCH,,Ervin Coutch,Starla Diffley
,WILLOW,PIPPIN,,Ignacio Gani,Blythe Cannard
,WILLENA,PERRIN,,Valentin Puthoff,Jung Imrie
,VERNIA,MESSENGER,,Saul Streeper,Karyl Carrasquillo
,TU,MANCINI,,Hollis Mauceri,Joseph Bourg
,TRAVIS,LISTER,,Douglass Predmore,Vivan Servatius
,TORA,KINARD,,Rufus Capuchin,Temeka Riedman
,TERRILYN,HARTMANN,,Roy Odiase,Chung Helin
,TERICA,FLECK,,Nicolas Nemes,Jaunita Talbert
,TENESHA,BROADWAY,,Lyman Closser,Eura Sauret
,TAWNA,WILT,,Ramiro Obanner,Nubia Hartney
,TAJUANA,TREADWAY,,David Shoger,Gianna Rabon
,TAINA,THORNHILL,,Eddy Mcfadyen,Sharyn Dubson
,STEPHNIE,SPEED,,Nicolas Schimke,Hedy Chiarenza
,SONA,SPALDING,,Harrison Faulconer,Daphne Smink
,SOL,SAM,,Scott Esteen,Princess Kimbrow
,SINA,RAFFERTY,,Sheldon Smolik,Ayanna Kilgo
,SHONDRA,PITRE,,Giuseppe Rothmiller,Marcela Fury
,SHIZUKO,PATINO,,Leon Gunnells,Cassy Berliew
,SHERLENE,ORDONEZ,,Gaston Bowes,Valerie Pennycuff
,SHERICE,LINKOUS,,Tad Stokey,Kimberlie Lego
,SHARIKA,KELLEHER,,Zachariah Kenefick,Misty Paradiso
,ROSSIE,HOMAN,,Jerrod Condello,Leda Schaarschmidt
,ROSENA,HOLIDAY,,Ken Puente,Anthony Salois
,RORY,GALBRAITH,,Jim Gleim,Soo Aikens
,RIMA,FEENEY,,Jordon Chevrette,Love Rotton
,RIA,DORRIS,,Diego Drumm,Michelle Stepanian
,RHEBA,CURTIN,,Homer Dunwoody,Marlo Perrin
,RENNA,COWARD,,Gilberto Stpaul,Shayla Mortellaro
,PETER,CAMARILLO,,Billie Tatis,Wen Rviz
,NATALYA,BUSS,,Claud Marinelli,Taina Furia
,NANCEE,BUNNELL,,Erick Sackman,Daniela Nanton
,MELODI,BOLT,,Antony Patron,Valrie Gonzoles
,MEDA,BEELER,,Bob Mcphail,Syreeta Hochnadel
,MAXIMA,AUTRY,,Emmitt Vanderwall,Shona Priddy
,MATHA,ALCALA,,Vern Megee,Alysa Ciaburri
,MARKETTA,WITTE,,Errol Burkhead,Tera Groth
,MARICRUZ,WENTZ,,Percy Mullennix,Patricia Perko
,MARCELENE,STIDHAM,,Walton Szewczak,Quinn Teig
,MALVINA,SHIVELY,,Marquis Nitta,Mark Gamboa
,LUBA,NUNLEY,,Keith Hibbard,Wanda Heaphy
,LOUETTA,MEACHAM,,Denis Taunton,Bernadette Henard
,LEIDA,MARTINS,,Rodrick Arrez,Xuan Echols
,LECIA,LEMKE,,Roderick Doucet,Isa Huizenga
,LAURAN,LEFEBVRE,,Tim Lemkau,Valarie Mcmunn
,LASHAWNA,KAYE,,Karl Leitao,Marlin Dirago
,LAINE,HYNES,,Cory Raftery,Jaime Sharlin
,KHADIJAH,HOROWITZ,,Lee Heitmann,Freddie Widmar
,KATERINE,HOPPE,,Lacy Elliot,Vinnie Bleeker
,KASI,HOLCOMBE,,Ferdinand Sanocki,Alexa Luedeman
,KALLIE,ESTRELLA,,Earnest Helf,Herlinda Hunte
,JULIETTA,DUNNE,,Luther Ostrander,Beverly Holbrooks
,JESUSITA,DERR,,Marco Schulteis,Maura Homen
,JESTINE,COCHRANE,,Colby Arzola,Bao Golightley
,JESSIA,BRITTAIN,,Monroe Taflinger,Deborah Hyun
,JEREMY,BEDARD,,Nigel Laverde,Ardelle Bodily
,JEFFIE,BEAUREGARD,,Rudolph Gowens,Natalie Gorz
,JANYCE,TORRENCE,,Domingo Medlar,Tonie Penale
,ISADORA,STRUNK,,Beau Moralis,Martin Emfinger
,GEORGIANNE,SORIA,,Stevie Hesley,Lindsey Aron
,FIDELIA,SIMONSON,,Burt Quiller,Rosalee Rieb
,EVITA,SHUMAKER,,Kraig Leone,Maple Baumgardt
,EURA,SCOGGINS,,Marion Orange,Deon Sarracino
,EULAH,PACKER,,Keven Stooks,Jeannette Cawthron
,ESTEFANA,OCONNER,,Scottie Majchrzak,Belle Hardaman
,ELSY,MORIARTY,,Tyrell Sagon,Kiana Larch
,ELIZABET,LEROY,,Douglass Duckwall,Christeen Ammerman
,ELADIA,KUNTZ,,Eusebio Syck,Omega Dorgan
,DODIE,IVES,,Kevin Bevel,Cheryle Faux
,DION,HUTCHESON,,Josiah Siemer,Dagny Gallager
,DIA,HORAN,,Florentino Lohwasser,Kevin Himebaugh
,DENISSE,HALES,,Jamison Discenza,Edna Rippon
,DELORAS,GARMON,,Kirby Garringer,Tiesha Fannings
,DELILA,FITTS,,Theodore Mccament,Charis Lauster
,DAYSI,DELL,,Jeffry Raymo,Megan Hogancamp
,DAKOTA,BOHN,,Maynard Kefauver,Desiree Centola
,CURTIS,ATCHISON,,Mary Bollozos,Shana Mould
,CRYSTLE,WORTH,,Adolfo Gasco,Curtis Dukelow
,CONCHA,WISNIEWSKI,,Nicholas Dado,Esta Holla
,COLBY,WILL,,Virgilio Ranft,Laurence Cina
,CLARETTA,VANWINKLE,,Wayne Champoux,Karon Adkins
,CHU,STURM,,Julio Rio,Krystina Koszyk
,CHRISTIA,SALLEE,,Jonathon Suganuma,Debbra Berky
,CHARLSIE,PROSSER,,Josue Carasco,Dean Buchta
,CHARLENA,MOEN,,Alvaro Thornley,Shin Domanski
,CARYLON,LUNDBERG,,Wilbur Hollomon,Aliza Skrine
,BETTYANN,KUNZ,,Reinaldo Despard,Berna Franch
,ASLEY,KOHL,,Sid Monnier,Tanya Tramonte
,ASHLEA,KEANE,,Fredric Clubb,Dayle Kositzke
,AMIRA,JORGENSON,,Alec Rennick,Willette Lathern
,AI,JAYNES,,Stewart Binkerd,Scott Kach
,AGUEDA,FUNDERBURK,,Dudley Francescon,Shaquana Marquardt
,AGNUS,FREED,,Andres Koopmans,Malia Bascetta
,YUETTE,FRAME,,Angelo Tabag,Elizbeth Pagani
,VINITA,DURR,,Clayton Minjarez,Bev Policz
,VICTORINA,CREAMER,,Kris Hallet,Glenn Delfino
,TYNISHA,COSGROVE,,Rickey Ullom,Kaci Lohrenz
,TREENA,CANDELARIA,,Granville Mahanna,Bunny Greenley
,TOCCARA,BERLIN,,Williams Alcazar,Dorthy Grochmal
,TISH,BATSON,,Rod Gimble,Cleopatra Aziz
,THOMASENA,VANHOOSE,,Sean Ramos,Raymond Mesaros
,TEGAN,THOMSEN,,Trey Larue,Josie Felps
,SOILA,TEETER,,Conrad Annon,Shaunte Miazga
,SHILOH,SOMMER,,Noe Crook,Mandi Ferell
,SHENNA,SMYTH,,Lindsay Meldahl,Allyn Schleimer
,SHARMAINE,SENA,,Toby Curbow,Niki Alfred
,SHANTAE,REDMON,,Bret Vernia,Le Dinh
,SHANDI,ORELLANA,,Garth Harvie,Scarlet Breidenbach
,SEPTEMBER,MANESS,,Jeramy Mcloy,Elvera Reitmeier
,SARAN,LENNON,,Jeff Hottle,Avis Bonano
,SARAI,HEFLIN,,Delmer Gow,Frank Mrozoski
,SANA,GOULET,,Marcelino Mostert,Carletta Baerga
,SAMUEL,FRICK,,Val Branscom,Dina Aquirre
,SALLEY,FORNEY,,Weldon Scudder,Jackie Langerman
,ROSETTE,DOLLAR,,Wm Dewees,Dian Kerson
,ROLANDE,BUNKER,,Michal Mari,Athena Littlejohn
,REGINE,ASBURY,,Rodrick Vaughn,Avis Ozment
,OTELIA,AGUIAR,,Florencio Waldroff,Grazyna Chorlton
,OSCAR,TALBOTT,,Mervin Pedroni,Patrica Gojcaj
,OLEVIA,SOUTHARD,,Charlie Mickleberry,Annmarie Sima
,NICHOLLE,PLEASANT,,Brady Gillyard,Karima Weidemann
,NECOLE,MOWERY,,Heath Belue,Kristel Scot
,NAIDA,MEARS,,Alexis Schetrompf,Alona Mohney
,MYRTA,LEMMON,,Dario Guilfoyle,Bobbi Biffle
,MYESHA,KRIEGER,,Michal Gilbeau,Edith Werring
,MITSUE,HICKSON,,Bradford Diersen,Denese Rodrigue
,MINTA,GRACIA,,Jean Resh,Lanette Boord
,MERTIE,ELSTON,,Dwight Mininger,Tonita Wahpekeche
,MARGY,DUONG,,Scott Burkdoll,Cherie Printz
,MAHALIA,DELGADILLO,,Houston Dugat,Kanisha Frew
,MADALENE,DAYTON,,Tory Woodroof,Adell Pulling
,LOVE,DASILVA,,Hoyt Frago,Concha Lagrange
,LOURA,CONAWAY,,Alejandro Corcoran,Angel Anson
,LOREAN,CATRON,,Erich Kimel,Torrie Griffo
,LEWIS,BRUTON,,Bradley Bruen,Latrina Suggitt
,LESHA,BRADBURY,,Blaine Renfroe,Illa Swade
,LEONIDA,BORDELON,,Cordell Hickmon,Hsiu Bemrose
,LENITA,BIVINS,,Ezra Hodor,Leeanne Abdool
,LAVONE,BITTNER,,Richie Regos,Laura Mccullar
,LASHELL,BERGSTROM,,Guillermo Habben,Camelia Leija
,LASHANDRA,BEALS,,Gary Stinett,Xiao Baxi
,LAMONICA,ABELL,,Amos Stefanick,Saturnina Vanecek
,KIMBRA,WHELAN,,Virgil Pickup,Niesha Amazan
,KATHERINA,TRAVERS,,Travis Miesse,Louetta Hommerding
,KARRY,TEJADA,,Abel Fayson,Cheri Evinger
,KANESHA,PULLEY,,Alberto Moyer,Charlena Kindlimann
,JULIO,PINO,,Wilton Perl,Apryl Zaborowski
,JONG,NORFLEET,,Chris Kozar,Karlene Mantione
,JENEVA,NEALY,,Rubin Syta,Apolonia Helo
,JAQUELYN,MAES,,Coy Cafaro,Lawana Challen
,HWA,LOPER,,Salvador Squyres,Tennie Gilland
,GILMA,HELD,,Amos Pippenger,Mariana Kosky
,GHISLAINE,GERALD,,Ricardo Watling,Bari Buzick
,GERTRUDIS,GATEWOOD,,Mac Annon,Nikki Gayheart
,FRANSISCA,FRIERSON,,Lesley Bauerlein,Alyse Berra
,FERMINA,FREUND,,Lino Debroux,Antonette Jiron
,ETTIE,FINNEGAN,,Geraldo Hellstrom,Jazmin Tesar
,ETSUKO,CUPP,,Mohamed Valla,Cindy Kippley
,ELLIS,COVEY,,Dee Fonder,Daniel Leet
,ELLAN,CATALANO,,Roosevelt Scheider,Regan Ramnarase
,ELIDIA,BOEHM,,Palmer Jedrey,Franchesca Eugley
,EDRA,BADER,,Marcos Raybourn,Alma Wilder
,DORETHEA,YOON,,Octavio Oberbeck,Chana Montroy
,DOREATHA,WALSTON,,Wesley Jandrin,Roselle Baltazar
,DENYSE,TENNEY,,Irwin Nesbitt,Hilde Draudt
,DENNY,SIPES,,Errol Appelman,Reena Youst
,DEETTA,ROLLER,,Dusty Rebello,Clemencia Perretta
,DAINE,RAWLINS,,Dave Hinzman,Quiana Yentzer
,CYRSTAL,MEDLOCK,,Arturo Neverson,Miesha Leibfried
,CORRIN,MCCASKILL,,Jules Dupuis,Carita Joneson
,CAYLA,MCCALLISTER,,Jed Mcgirt,Pattie Crown
,CARLITA,MARCOTTE,,Winford Fosdick,Tamela Rippelmeyer
,CAMILA,MACLEAN,,Brendan Jiang,Romana Malekzadeh
,BURMA,HUGHEY,,Dane Espenoza,Antonette Micco
,BULA,HENKE,,Riley Ekdahl,Torrie Trotman
,BUENA,HARWELL,,Sebastian Tercero,Janett Magid
,BLAKE,GLADNEY,,Demarcus Wiliams,Keshia Noaks
,BARABARA,GILSON,,Quinton Mccool,America Goldermann
,AVRIL,DEW,,Alva Vasta,Verda Kanney
,AUSTIN,CHISM,,Irving Wertheim,Rebekah Arakaki
,ALAINE,CASKEY,,Gilbert Vanauker,Georgina Matier
,ZANA,BRANDENBURG,,Wallace Hartsoe,Kimberlie Joines
,WILHEMINA,BAYLOR,,Rodney Mullens,Hassie Renker
,WANETTA,VILLASENOR,,Kendrick Kadri,Trinity Malecha
,VIRGIL,VEAL,,Jerry Brutsch,Erma Fenny
,VI,VAN,,Everette Aakre,Donna Wheless
,VERONIKA,THATCHER,,Fernando Alonzo,Luann Verge
,VERNON,STEGALL,,Millard Muhr,Lenna Neri
,VERLINE,SHORE,,Demarcus Burow,Gwyneth Lempicki
,VASILIKI,PETRIE,,Broderick Jankoski,Celesta Gowens
,TONITA,NOWLIN,,Lacy Bucciero,Trisha Sorrick
,TISA,NAVARRETE,,Kerry Darcey,Selena Aldecoa
,TEOFILA,MUHAMMAD,,Dewayne Marois,Kanesha Lethco
,TAYNA,LOMBARD,,Conrad Ketola,Candie Hilke
,TAUNYA,LOFTIN,,Porter Brechner,Suzanna Landazuri
,TANDRA,LEMASTER,,Alonso Maclaurin,Analisa Arnott
,TAKAKO,KROLL,,Tyron Macdowell,Bernita Pfleiderer
,SUNNI,KOVACH,,Roman Sabourin,Thomasena Brack
,SUANNE,KIMBRELL,,Clark Ruoff,Sarita Richter
,SIXTA,KIDWELL,,Percy Stolle,Hope Poirot
,SHARELL,HERSHBERGER,,Carmen Pitcher,Kandace Dworkin
,SEEMA,FULCHER,,Dominique Thul,Lavelle Grulke
,RUSSELL,ENG,,Millard Klostermann,Graciela Ladnier
,ROSENDA,CANTWELL,,Reed Poppen,Maud Paa
,ROBENA,BUSTOS,,Dewey Reitzel,Zoila Wileczek
,RAYMONDE,BOLAND,,Dale Galimore,Socorro Dufresne
,PEI,BOBBITT,,Kent Kulaga,Violet Locatelli
,PAMILA,BINKLEY,,Garret Bear,Chin Dayne
,OZELL,WESTER,,Quinn Shreeves,Helaine Dworak
,NEIDA,WEIS,,Wilson Trevorrow,Eusebia Slack
,NEELY,VERDIN,,Renato Revier,Sharonda Rudman
,MISTIE,TONG,,Dudley Eversley,Suzanna Qualls
,MICHA,TILLER,,Lionel Stafford,Ngoc Maurin
,MERISSA,SISCO,,Preston Sieligowski,Marlene Acoba
,MAURITA,SHARKEY,,Foster Ralls,Nenita Pastore
,MARYLN,SEYMORE,,Maximo Spare,Queenie Penz
,MARYETTA,ROSENBAUM,,Cole Lorimor,Marvis Edgeston
,MARSHALL,ROHR,,Reynaldo Wint,Anastacia Gram
,MARCELL,QUINONEZ,,Lamar Salsedo,Ina Rombs
,MALENA,PINKSTON,,Kirk Dargan,Rosalinda Balasco
,MAKEDA,NATION,,Chris Whiteman,Geri Hartage
,MADDIE,MALLEY,,Merrill Julien,Reena Papps
,LOVETTA,LOGUE,,Frederick Carotenuto,Cassidy Brasher
,LOURIE,LESSARD,,Sheldon Mixon,Marlen Turke
,LORRINE,LERNER,,Elliot Roat,Serena Baires
,LORILEE,LEBRON,,Gerald Mumby,Elayne Magouyrk
,LESTER,KRAUSS,,Chadwick Flaig,Lory Jauss
,LAURENA,KLINGER,,Ike Swagerty,Bambi Teele
,LASHAY,HALSTEAD,,Samuel Mackey,Shayna Ascenzo
,LARRAINE,HALLER,,Dusty Gronert,Maryam Meiste
,LAREE,GETZ,,Mark Melandez,Jeniffer Quire
,LACRESHA,BURROW,,Edgar Nattress,James Rodino
,KRISTLE,BRANT,,Paul Desena,Debora Dewees
,KRISHNA,ALGER,,Johnny Beal,Nakita Henningson
,KEVA,VICTOR,,Merle Alicandro,Arnita Siracuse
,KEIRA,SHORES,,Christopher Schlater,Hermina Juilfs
,KAROLE,SCULLY,,Bob Sidebottom,Marina Cordon
,JOIE,POUNDS,,Darren Cetta,Ileen Valdivieso
,JINNY,PFEIFER,,Stevie Merenda,Isabell Berg
,JEANNETTA,PERRON,,Teodoro Sugahara,Ilana Buentello
,JAMA,NELMS,,Leonardo Ciccone,Shiloh Hanz
,HEIDY,MUNN,,Mitch Gaultney,Alethea Orte
,GILBERTE,MCMASTER,,Robin Pelini,Rocio Pflieger
,GEMA,MCKENNEY,,Donny Privett,Khalilah Hernandes
,FAVIOLA,MANNS,,Orval Mcglinn,Marion Sidle
,EVELYNN,KNUDSON,,Jamey Selser,Trina Geddie
,ENDA,HUTCHENS,,Vincenzo Jurgens,Tommye Kanelos
,ELLI,HUSKEY,,Rolland Nevwirth,Ulrike Kornbluth
,ELLENA,GOEBEL,,Elbert Brighi,Pam Hibler
,DIVINA,FLAGG,,Tristan Macnair,Casie Leimbach
,DAGNY,CUSHMAN,,Ike Kakacek,Neely Romanini
,COLLENE,CLICK,,Fausto Truscott,Eun Robenson
,CODI,CASTELLANO,,Lawerence Halliburton,Milagro Bautista
,CINDIE,CARDER,,Dorian Nemitz,Alaina Urtado
,CHASSIDY,BUMGARNER,,Bryan Witthoft,Glenn Bush
,CHASIDY,BLAINE,,Barney Sjoquist,Imogene Pikes
,CATRICE,BIBLE,,Courtney Lobbins,Tanna Kroells
,CATHERINA,WAMPLER,,Vaughn Ruts,Cleopatra Gaetano
,CASSEY,SPINKS,,Carlo Kraft,Eldora Baher
,CAROLL,ROBSON,,Deshawn Palmiotto,Arnetta Marhoefer
,CARLENA,NEEL,,Mickey Veillon,Taren Claycomb
,CANDRA,MCREYNOLDS,,Lon Ausmus,Mui Ronca
,CALISTA,MATHIAS,,Blake Daguio,Larita Conrath
,BRYANNA,MAAS,,Herschel Bitzel,Oralee Kimler
,BRITTENY,LOERA,,Terry Orwin,Dione Quesada
,BEULA,KASPER,,Cody Rettke,Caryl Huckaby
,BARI,JOSE,,Devin Marter,Yasmin Geagan
,AUDRIE,JENSON,,Kraig Bensley,Albina Thrower
,AUDRIA,FLOREZ,,Julio Hewson,Vanda Stamey
,ARDELIA,COONS,,Alphonse Warden,Kam Corke
,ANNELLE,BUCKINGHAM,,Carl Cantrelle,Myesha Chrisco
,ANGILA,BROGAN,,Corey Claiborne,Margurite Durtschi
,ALONA,BERRYMAN,,Lino Slovacek,Candi Cavallero
,ALLYN,WILMOTH,,Shon Vanduser,Marjorie Leep
,,WILHITE,,Ruben Sawtelle,Leonida Fiume
,,THRASH,,Octavio Selph,Yvonne Loge
,,SHEPHARD,,Leonardo Difonzo,Layne Minniti
,,SEIDEL,,Tuan Dearo,Hilma Novak
,,SCHULZE,,Rubin Codling,Letitia Morones
,,ROLDAN,,Ricky Wortz,Tera Seaholm
,,PETTIS,,Denis Guererro,Haley Hulburt
,,OBRYAN,,Clark Rummerfield,Mi Alers
,,MAKI,,Warren Sester,Lyda Granahan
,,MACKIE,,Shelton Whipkey,Nettie Woodfork
,,HATLEY,,Jimmy Soloman,Michaele Bend
,,FRAZER,,Lindsey Dearborn,Genny Leflore
,,FIORE,,Eldridge Pensinger,Valerie Hill
,,FALLS,,Allan Marion,Sherlene Chery
,,CHESSER,,Arlen Krone,Leena Fithen
,,BUI,,Lindsey Pilot,Keith Mcspedon
,,BOTTOMS,,Lance Headings,Krystyna Javery
,,BISSON,,Tad Bielik,Ayesha Janz
,,BENEFIELD,,Randal Rensch,Cayla Vosberg
,,ALLMAN,,Randolph Sissom,Jani Faith
,,WILKE,,Lou Marinero,Rosalee Jagow
,,TRUDEAU,,Vito Stubbe,Drew Harmen
,,TIMM,,Pablo Bequette,Shanti Moose
,,SHIFFLETT,,Vincent Robarge,Jodie Zee
,,RAU,,Teddy Catalanatto,Joella Wearing
,,MUNDY,,Aron Maenner,Tommie Gangemi
,,MILLIKEN,,Lyndon Newtown,Starla Hirschfield
,,MAYERS,,Jewell Alsheimer,Jean Dadlani
,,LEAKE,,Virgilio Lynde,Nicolle Choung
,,KOHN,,Ricky Manfredonia,Rosy Heffington
,,HUNTINGTON,,Odis Pitt,Shirely Chi
,,HORSLEY,,Andy Claybourn,Florrie Bowey
,,HERMANN,,Arturo Giernoth,Mila Epting
,,GUERIN,,Brian Belgrave,Aliza Wolvin
,,FRYER,,Harlan Heberly,Lorilee Bauza
,,FRIZZELL,,Quinton Perricone,Chia Chasen
,,FORET,,Archie Liehr,Gregory Marco
,,FLEMMING,,Brian Barris,Conchita Katz
,,FIFE,,Carroll Deeg,Vanita Matheis
,,CRISWELL,,Rodrigo Trinca,Louetta Ziesmer
,,CARBAJAL,,Owen Seward,Kayce Coggins
,,BOZEMAN,,Royal Datwyler,Orpha Daughterty
,,BOISVERT,,Gerald Tidball,Tawanna Christel
,,ARCHIE,,Emil Crosman,Shenika Camic
,,ANTONIO,,Antonia Rudlong,Heidy Millson
,,ANGULO,,Jacinto Routson,Bernarda Guidry
,,WALLEN,,Shelby Ottoson,Patrica Dotterer
,,TAPP,,Angel Lightle,Darleen Angustia
,,SILVERS,,Francesco Gorenberg,Rosalba Monarca
,,RAMSAY,,Trey Burham,Marsha Bielicki
,,OSHEA,,Jerry Hutnak,Gaynelle Hayhoe
,,ORTA,,Rocky Briglia,Brigette Ordas
,,MOLL,,Wayne Whitherspoon,Shawana Luciano
,,MCKEEVER,,Dewitt Papai,Marvella Dalmoro
,,MCGEHEE,,Leland Tysinger,Renee Bleazard
,,LUCIANO,,Shelton Mcclaughry,Cyndi Wiegert
,,LINVILLE,,Denver Jarrel,Melanie Salser
,,KIEFER,,Marc Terrey,Nisha Boclair
,,KETCHUM,,Hiram Gocke,Shaniqua Martiny
,,HOWERTON,,Juan Dildy,Freida Chatelain
,,GROCE,,Edwin Cormack,Lida Chene
,,GAYLORD,,Rob Togni,Shaunte Gillick
,,GASS,,Mervin Sprinkel,Chelsie Schneidtmille
,,FUSCO,,Preston Vicknair,Samantha Raymundo
,,CORBITT,,Johnson Rigo,Stacy Gormley
,,BLYTHE,,Alfonzo Cusson,Kalyn Loatman
,,BETZ,,Millard Breslauer,Macie Skowron
,,BARTELS,,Waylon Carlstrom,Zella Cosper
,,AMARAL,,Rudy Rydzewski,Dodie Kreisher
,,AIELLO,,Shane Zegarra,Wanita Krejci
,,YOO,,Hershel Eriksen,Myrtice Merkt
,,WEDDLE,,Tuan Martir,Curtis Essner
,,TROY,,Werner Neelon,Jonell Lafarge
,,SUN,,Edward Wiebusch,Tommie Mcreath
,,SPERRY,,Hassan Keck,Shiloh Wardlow
,,SEILER,,Nathan Zimmerman,Jacquelynn Dubre
,,RUNYAN,,Scotty Reposa,Ona Bernardy
,,RALEY,,Aldo Oblander,Elwanda Durell
,,OVERBY,,Garrett Olivares,Annalee Sinclair
,,OSTEEN,,Tobias Clendenon,Whitney Bracy
,,OLDS,,Gus Oehlenschlage,Dorine Rosh
,,MCKEOWN,,Reuben Bucher,Jami Jewell
,,MAURO,,Boyd Smyly,Ingeborg Skeete
,,MATNEY,,Darrin Swinny,Kate Devos
,,LAUER,,Darrin Jasinski,Jacqulyn Colasante
,,LATTIMORE,,Donovan Mink,Jackqueline Forsythe
,,HINDMAN,,Genaro Rajan,Melissia Corns
,,HARTWELL,,Roberto Rakow,Makeda Mathieson
,,FREDRICKSON,,Harry Harlow,Elenor Sulouff
,,FREDERICKS,,Nicky Veteto,Tabatha Sparacino
,,ESPINO,,Merrill Cupp,Joelle Wieseler
,,CLEGG,,Doug Rohloff,Marta Zimmerly
,,CARSWELL,,Eldridge Mahr,Janel Gayler
,,CAMBELL,,Mickey Retherford,Matthew Grates
,,BURKHOLDER,,Todd Holder,Michiko Blandford
,,AUGUST,,Moshe Schettig,Retta Semans
,,WOODBURY,,August Grodecki,Naida Curley
,,WELKER,,Brandon Hammatt,Miguelina Landing
,,TOTTEN,,Johnson Fracassa,Elnora Sadan
,,THORNBURG,,Raymond Kha,Mable Farlin
,,THERIAULT,,Maximo Loso,Gilda Hignite
,,STITT,,Jed Cozart,Rory Fariss
,,STAMM,,Jerry Colgin,Rubie Deborde
,,STACKHOUSE,,Daryl Strehlow,Leonora Hazen
,,SIMONE,,Wilburn Falwell,Hortense Aquino
,,SCHOLL,,Lavern Matherne,Ena Steurer
,,SAXON,,Harold Denoon,Gerri Kusel
,,RIFE,,Alfonzo Stample,Larisa Wasmund
,,RAZO,,Jayson Zecca,Lena Crowers
,,QUINLAN,,Mickey Obert,Earnestine Thackeray
,,PINKERTON,,Cristopher Mikowski,Hedy Reyna
,,OLIVO,,Marcel Mattocks,Devora Kennan
,,NESMITH,,Alden Gianelli,So Gieringer
,,NALL,,Owen Lipps,Socorro Gawlas
,,MATTOS,,Julian Liburd,Janie Schember
,,LEAK,,Raphael Lekas,Junko Gigstad
,,LAFFERTY,,Eduardo Seher,Karlene Rayfield
,,JUSTUS,,Rolando Shinall,Laurice Boehler
,,GIRON,,Danilo Tainter,Elvie Slight
,,GEER,,Noble Kallenbach,Juanita Featheringham
,,FIELDER,,Margarito Emerton,Merideth Tumlison
,,EAGLE,,Marcel Hou,Alison Larmon
,,DRAYTON,,Kory Ortez,Eugenie Collado
,,DORTCH,,Rodolfo Sexauer,Georgene Smoke
,,CONNERS,,Branden Prill,Gilma Lasanta
,,CONGER,,Paris Chism,Maye Ziniewicz
,,CHAU,,Oswaldo Miracle,Essie Dammeyer
,,BOATWRIGHT,,Darryl Horsburgh,Kaycee Agilar
,,BILLIOT,,Napoleon Gamblin,Bryanna Gathman
,,BARDEN,,Jacques Watrous,Tomoko Cremonese
,,ARMENTA,,Waldo Rinck,Collene Kinstler
,,ANTOINE,,Blake Deas,Julieta Mclay
,,TIBBETTS,,Cole Michel,Rosella Houghton
,,STEADMAN,,Brendon Dicostanzo,Sena Caneles
,,SLATTERY,,Floyd Pasceri,Reena Vanhoesen
,,SIDES,,Dexter Steinmuller,Stacey Bozarth
,,RINALDI,,Loyd Kirk,Delfina Hitchens
,,RAYNOR,,Gregory Szot,Madonna Buzzelli
,,RAYFORD,,Adan Schomaker,Iliana Mccoskey
,,PINCKNEY,,George Inda,Johana Lajza
,,PETTIGREW,,Gil Fialkowski,Eliza Armbrister
,,NICKEL,,Darrell Omdahl,Trina Soderstrom
,,MILNE,,Brent Araya,Eugene Darco
,,MATTESON,,Derek Nooney,Drucilla Emmerling
,,HALSEY,,Isaias Dermer,Monica Jefferis
,,GONSALVES,,Gary Kaeding,Alfreda Oddo
,,FELLOWS,,Kurt Ursprung,Adelle Vandis
,,DURAND,,Gregg Mousel,Brinda Swartz
,,DESIMONE,,Tyrell Pinkins,Bonny Shammo
,,COWLEY,,Logan Homrich,Joyce Lykens
,,COWLES,,Bennie Pata,Margarita Oehler
,,BRILL,,Robin Waynick,Tracey Kulinski
,,BARHAM,,Jesus Barbati,Reta Baim
,,BARELA,,Elmer Kloska,Dulce Maj
,,BARBA,,Cedrick Samuelsen,Carlena Pangrazio
,,ASHMORE,,Emil Faust,Sun Demonte
,,WITHROW,,Elijah Mender,Clarence Kappel
,,VALENTI,,Domingo Outcalt,Armandina Rebell
,,TEJEDA,,Mack Lands,Rufina Stovel
,,SPRIGGS,,Joe Simmens,Cherry Califf
,,SAYRE,,Chase Barillari,Jeanice Bolinger
,,SALERNO,,Jeff Carias,Raymonde Rawls
,,PLACE,,Rolf Batis,Onie Loge
,,PELTIER,,Billie Henwood,Niesha Dauteuil
,,PEEL,,Williams Thilking,Rosaline Viele
,,MERRIMAN,,Florentino Buzek,Cassie Fleeman
,,MATHESON,,Antwan Bryars,Jamie Hoeft
,,LOWMAN,,Ned Millerd,Nena Guldin
,,LINDSTROM,,Jarred Hodum,Lidia Calogero
,,HYLAND,,Peter Ferrufino,Crysta Tank
,,HOMER,,Stephen Minturn,Kirsten Orlowski
,,HA,,Sam Ohare,Nakita Potvin
,,GIROUX,,Grady Rector,Enedina Lingelbach
,,FRIES,,Osvaldo Reck,Miriam Gadison
,,FRASIER,,Heriberto Melgoza,Tera Morneau
,,EARLS,,Emery Holderfield,Maxine Touvell
,,DUGAS,,Brock Mcpeake,Lorie Wigren
,,DAMON,,Rick Kali,Denny Sissell
,,DABNEY,,Hobert Mcgurk,Jenell Barthold
,,COLLADO,,Chad Koczur,Alfreda Vasile
,,BRISENO,,Morton Terrano,Dorothea Smay
,,BAXLEY,,Francisco Pollak,Maia Turrey
,,ANDRE,,Willis Prill,Kayla Lichliter
,,WORD,,Hank Mars,Isadora Grisham
,,WHYTE,,Jude Moock,Toshiko Axford
,,WENGER,,Chang Wylam,Jannet Kriesel
,,VANOVER,,Deandre Sehorn,Shila Korvin
,,VANBUREN,,Willy Tewell,America Dube
,,THIEL,,Harry Brodersen,Cassidy Ayola
,,SCHINDLER,,Mac Lestage,Robbin Dartez
,,SCHILLER,,Roland Parziale,Celesta Mascall
,,RIGBY,,Buford Schaffer,Else Zakutney
,,POMEROY,,Israel Garritson,Lashanda Duntz
,,PASSMORE,,Francis Ottesen,Isidra Topez
,,MARBLE,,Truman Goonan,Shanita Hornor
,,MANZO,,Barry Hupp,Latarsha Vignovich
,,MAHAFFEY,,Ivan Dahn,Angelo Twiford
,,LINDGREN,,Gil Zukoski,Brenda Sortore
,,LAFLAMME,,Adolph Riegle,In Charnley
,,GREATHOUSE,,Shane Garrett,Irina Atay
,,FITE,,Elisha Gron,Lavera Hollyfield
,,FERRARI,,Scotty Foy,Ashton Beck
,,CALABRESE,,Davis Wallner,Cleo Careaga
,,BAYNE,,Winford Bari,Veronique Lassley
,,YAMAMOTO,,Clement Seielstad,Aurea Vanartsdalen
,,WICK,,Jae Kenton,Joslyn Bellotti
,,TOWNES,,Lon Heinzen,Casey Ferrebee
,,THAMES,,Truman Figgins,Sallie Vescio
,,STEEL,,Josef Strazi,Raquel Geery
,,REINHART,,Chase Cote,Denise Minnie
,,PEELER,,Isaac Chrestman,Marissa Mentel
,,NARANJO,,Raymundo Shillinger,Denyse Mitchan
,,MONTEZ,,Boris Hites,Lissette Leventer
,,MCDADE,,Dewayne Gertelman,Vanita Belile
,,MAST,,Laverne Colbert,Laurette Grimaud
,,MARKLEY,,Randal Dollak,Roselle Kunesh
,,MARCHAND,,Hiram Brincat,Evie Spille
,,LEEPER,,Jerald Tsutsui,Mindi Werkhoven
,,KONG,,Clair Agostini,Lawana Dinis
,,KELLUM,,Timmy Lawnicki,Oleta Kye
,,HUDGENS,,Adolfo Kozatek,Trinidad Pienta
,,HENNESSEY,,Anton Achorn,Veronique Slinker
,,HADDEN,,Darryl Decook,Lauretta Zaugg
,,GUESS,,Francisco Newcom,Nguyet Pribyl
,,GAINEY,,Seymour Gotsche,Kathrine Hasegawa
,,COPPOLA,,Thaddeus Askey,Lyda Kietzman
,,BORREGO,,Cory Bugna,Donita Pazos
,,BOLLING,,Daren Bir,Klara Gatti
,,BEANE,,Maxwell Bizub,Charita Niederkorn
,,AULT,,Jimmie Rasher,Goldie Millien
,,SLATON,,Shad Wassum,Tamar Bockemehl
,,POLAND,,Shon Logins,Idalia Hashem
,,PAPE,,Benjamin Sitra,Tabatha Beckett
,,NULL,,Stewart Awtry,Marlyn Goodrum
,,MULKEY,,Harvey Bittenbender,Astrid Winstanley
,,LIGHTNER,,Daron Freidman,Alysha Mangiaracina
,,LANGER,,Bernie Spear,Hermine Schau
,,HILLARD,,Normand Kothari,Connie Blackmond
,,GLASGOW,,Kelley Wilsey,Lorrine Schaberg
,,FABIAN,,Major Valiton,Berry Genter
,,ETHRIDGE,,Zachery Porro,Lacresha Kretschmann
,,ENRIGHT,,Elmer Martie,Rutha Fraire
,,DEROSA,,Pat Gallentine,Gaylene Stickney
,,BASKIN,,Aubrey Heger,Hildegarde Harland
,,ALFRED,,Leonardo Wyms,Raymonde Gameros
,,WEINBERG,,Curtis Velaquez,Merri Mcdaries
,,TURMAN,,August Kronberg,Karie Turkowski
,,TINKER,,Brooks Blitch,Reena Bartko
,,SOMERVILLE,,Wilmer Ickes,Brenda Kurylo
,,PARDO,,Jordan Tellez,Kristine Brignac
,,NOLL,,Kelley Stielau,Rickie Daven
,,LASHLEY,,Hassan Hemsath,Alicia Creese
,,INGRAHAM,,Hobert Spracklen,Lucia Adamczyk
,,HILLER,,Jonathon Lundberg,Emily Brossart
,,HENDON,,Devin Verges,Sarina Schlesier
,,GLAZE,,Chad Mccoll,Sherrill Trojacek
,,FLORA,,Deandre Harder,Willette Breed
,,COTHRAN,,Kieth Hoshall,Arlinda Dilger
,,COOKSEY,,Sydney Kloer,Heide Hilliker
,,CONTE,,Patricia Trollinger,Diedre Sieverding
,,CARRICO,,Matthew Durian,Jani Lavery
,,APPLE,,Alonso Collica,Rufina Postlewait
,,ABNER,,Wilburn Behling,Marth Kah
,,WOOLEY,,Kristofer Woodham,Maribel Deboard
,,SWOPE,,Chauncey Cowans,Effie Schaufelberge
,,SUMMERLIN,,Lonnie Haider,Belen Febbo
,,STURGIS,,Harold Hume,Tijuana Sparkes
,,STURDIVANT,,Otha Guisti,Lorriane Mathe
,,STOTT,,Julio Landey,Bette Gassen
,,SPURGEON,,Hector Jankowski,Santos Boss
,,SPILLMAN,,Damion Hebda,Dann Cassady
,,SPEIGHT,,Raul Billie,Jannette Straney
,,ROUSSEL,,Isidro Shemwell,Shirl Nead
,,POPP,,Lino Plemel,Cinderella Queal
,,NUTTER,,Heriberto Hannam,Mario Gallaher
,,MCKEON,,Korey Barsuhn,Felicia Carollo
,,MAZZA,,Refugio Berkshire,Josphine Rane
,,MAGNUSON,,Peter Wendelboe,Arla Kisselburg
,,LANNING,,Leopoldo Gergel,Yuri Collier
,,KOZAK,,Valentin Vue,Alena Foster
,,JANKOWSKI,,Haywood Fiske,Delilah Tippen
,,HEYWARD,,Reyes Hummingbird,Eda Svetlik
,,FORSTER,,Mohamed Ickes,Verona Anneler
,,CORWIN,,Dustin Sluder,Ping Kolsrud
,,CALLAGHAN,,Elliot Sitzler,Loretta Rye
,,BAYS,,Spencer Keery,Anthony Sauseda
,,WORTHAM,,Alan Zerba,Darla Idell
,,USHER,,Patrick Woltjer,Lakia Hardey
,,THERIOT,,Jeffery Vandever,Sandra Syversen
,,SAYERS,,Mason Boreland,Ailene Croft
,,SABO,,Filiberto Belgrave,Greta Waterfall
,,RUPERT,,Xavier Proud,Tonette Moy
,,POLING,,Valentine Huntsinger,Marylyn Morell
,,NATHAN,,Brent Abellera,Carmina Saragusa
,,LOYA,,Fredrick Schmeltzer,Torrie Poovey
,,LIEBERMAN,,Everette Campillo,Leonie Nigl
,,LEVI,,Benton Gaff,Audrie Swango
,,LAROCHE,,Luigi Gilland,Mendy Dullea
,,LABELLE,,Claude Straseskie,Tish Near
,,HOWES,,Lynn Galliher,Juan Laughton
,,HARR,,Renato Campfield,Honey Earle
,,GARAY,,Erasmo Urquhart,Moira Naumoff
,,FOGARTY,,Benito Wommack,Venetta Kettle
,,EVERSON,,Ward Besco,Dorthea Youngstrom
,,DURKIN,,Rhett Urman,Corie Holloman
,,DOMINQUEZ,,Tyler Turchetta,Garnett Dandrow
,,CHAVES,,Blair Tondre,Sierra Borrero
,,CHAMBLISS,,Johnson Popiel,Ammie Davilla
,,ALFONSO,,Ricardo Akbar,Dorinda Hardiman
,,WITCHER,,Gaylord Amato,Katheleen Laudenslager
,,WILBER,,Merle Luhr,Valerie Ceccarelli
,,VIEIRA,,Bryan Meritt,Virgen Tenorio
,,VANDIVER,,Jerrold Schriefer,Kisha Bularz
,,TERRILL,,Sol Barmore,Cordia Vandergraph
,,STOKER,,Cameron Boykins,Arletha Minnerly
,,SCHREINER,,Marlon Turbeville,Milagro Nansteel
,,NESTOR,,Minh Mcauley,Allie Stcharles
,,MOORMAN,,Hung Ritchhart,Coralie Yacono
,,LIDDELL,,Cyril Blanford,Armandina Askari
,,LEW,,Daryl Disilvestro,Jesus Clymer
,,LAWHORN,,Carol Hippen,Emmy Langelier
,,KRUG,,Eric Shiba,Estella Zeuner
,,IRONS,,Billie Lutz,Vanna Bicknese
,,HYLTON,,Bennie Batty,Shirl Pytko
,,HOLLENBECK,,Clifton Capossela,Buffy Fryling
,,HERRIN,,Cesar Kanz,Camie Gibeau
,,HEMBREE,,Demarcus Roos,Lina Maclin
,,HAIR,,Douglas Varaza,Jade Wescom
,,GOOLSBY,,Charley Schneiders,Cherie Vaillancourt
,,GOODIN,,Rodney Branstrom,Eunice Steinbeck
,,GILMER,,Evan Cassius,Stefanie Buggs
,,FOLTZ,,Cyrus Angelucci,Camellia Voshell
,,DINKINS,,Xavier Yeck,Julieta Rumpel
,,DAUGHTRY,,Taylor Finkenbinder,Shelly Lambrecht
,,CABAN,,Lucio Mentnech,Latoya Wilmouth
,,BRIM,,Wilfredo Kielty,Annette Motamedi
,,BRILEY,,Landon Scudder,Lora Meditz
,,BILODEAU,,Dion Primack,Casie Corzo
,,BEAR,,Matthew Vaz,Shaun Winrow
,,WYANT,,Pasquale Branscum,Nannette Bascombe
,,VERGARA,,Guadalupe Rubino,Darnell Schrieber
,,TALLENT,,Tobias Spahn,Marlyn Latif
,,SWEARINGEN,,Nelson Kakimoto,Delena Kapur
,,STROUP,,Donny Mcclellan,Charmaine Toomey
,,SHERRY,,Reuben Pinkleton,Jeniffer Pendley
,,SCRIBNER,,Arnoldo Malmquist,Reyna Judah
,,ROGER,,Wes Navin,Marla Salonek
,,QUILLEN,,Al Avena,Luise Makanani
,,PITMAN,,Solomon Colman,Bok Lilburn
,,MONACO,,Victor Towell,Jolie Delagarza
,,MCCANTS,,Horace Hoe,Margherita Krakowski
,,MAXFIELD,,Eli Boccanfuso,Kasey Losoya
,,MARTINSON,,Domenic Trover,Dimple Lanni
,,LANDON,,Jamie Jardin,Jacque Harvison
,,HOLTZ,,Guillermo Curnutte,Leonora Enns
,,FLOURNOY,,Marcelino Gerber,Marty Peguese
,,BROOKINS,,Monty Purol,Minerva Lorquet
,,BRODY,,Ronny Praytor,Kaci Escher
,,BAUMGARDNER,,Dwight Noaks,Silvia Guntert
,,ANGELO,,Darren Youmans,Hiroko Mccleaf
,,STRAUB,,Fabian Moris,Jamey Kegley
,,SILLS,,Abram Turmelle,Evia Legan
,,ROYBAL,,Abdul Rhymer,Kori Cipolla
,,ROUNDTREE,,Emanuel Sempertegui,Hassie Kolman
,,OSWALT,,Deandre Tierno,Gemma Flagg
,,MONEY,,Orlando Bareilles,Lurlene Tabian
,,MCGRIFF,,Son Liddick,Tristan Groll
,,MCDOUGALL,,Mac Molloy,Deann Desharnais
,,MCCLEARY,,Saul Caretto,Beverley Sterlace
,,MAGGARD,,Long Vedia,Arnetta Amacher
,,GRAGG,,Bennett Lizama,Mark Teague
,,GOODING,,Larry Ormonde,Lise Wiesneski
,,GODINEZ,,Alec Granda,Samuel Payson
,,DOOLITTLE,,Homer Nothum,Tillie Klingensmith
,,DONATO,,Patrick Bouthot,Bronwyn Susoev
,,COWELL,,Tyrone Valerio,Victor Poncio
,,CASSELL,,Paris Chock,Adam Schnarrs
,,BRACKEN,,Michel Jukes,Serina Hodgins
,,APPEL,,Jose Quiles,Cassie Sieg
,,AHMAD,,Mack Fitting,Adrianna Martine
,,ZAMBRANO,,Wilson Osterman,Anita Mongar
,,REUTER,,Roosevelt Goolsby,Franchesca Kaplun
,,PEREA,,Darren Ruyter,Jacqulyn Northrup
,,OLIVE,,Roosevelt Depaul,Emelda Portrum
,,NAKAMURA,,Will Shams,Lavonda Stikeleather
,,MONAGHAN,,Ricardo Gillstrap,Marilyn Cueto
,,MICKENS,,Wilford Nutzmann,Kimbra Vilar
,,MCCLINTON,,Demarcus Tesler,Sherril Mexicano
,,MCCLARY,,Conrad Zagorski,Jennie Goeppinger
,,MARLER,,Brooks Walbert,Albertine Eisenmann
,,KISH,,Deangelo Chevas,Heidy Zacharias
,,JUDKINS,,Ernesto Scarth,Dinah Lovering
,,GILBREATH,,Michael Voegele,Stacia Hendericks
,,FREESE,,Herman Bankes,Theresa Freedle
,,FLANIGAN,,Foster Perna,Delma Madaras
,,FELTS,,Lucas Branscomb,Betsey Coombs
,,ERDMANN,,Donte Brewbaker,Elvera Molinski
,,DODDS,,Claud Prucnal,Lillie Hoffa
,,CHEW,,Elias Kreitz,Avery Cluff
,,BROWNELL,,Arlen Poplin,Sharmaine Selvig
,,BRAZIL,,Dannie Fishbaugh,Royce Levinson
,,BOATRIGHT,,Elbert Grieme,Felica Leamon
,,BARRETO,,Tommy Westgate,Bernardine Shedrick
,,SLAYTON,,Clifton Huseth,Janette Austell
,,SANDBERG,,Shelton Blackwell,Wen Dechert
,,SALDIVAR,,Rosendo Belew,January Escuriex
,,PETTWAY,,Malcom Stauffacher,Kris Cecchetti
,,ODUM,,Raphael Stein,Josette Fleck
,,NARVAEZ,,Gayle Greenwalt,Luanna Loden
,,MOULTRIE,,Kelvin Dulac,Jennine Holleman
,,MONTEMAYOR,,Lon Laycock,Fallon Um
,,MERRELL,,Larry Augsburger,Priscila Rexroat
,,LEES,,Herschel Cantua,Latisha Lindauer
,,KEYSER,,Nicolas Mitzel,Vernice Hay
,,HOKE,,Hector Sare,Mickey Stromberg
,,HARDAWAY,,Hubert Dicus,Thomasena Slifko
,,HANNAN,,Barrett Kincade,Russell Fischman
,,GILBERTSON,,Eddie Bemiller,Mandi Beccue
,,FOGG,,Leonardo Kornfeld,Paulita Haffner
,,DUMONT,,Branden Tsui,Tamiko Cumber
,,DEBERRY,,Morgan Sauchez,Darcel Jungwirth
,,COGGINS,,Tommie Matusiak,Tami Havnen
,,CARRERA,,Gregg Everitt,Willetta Bertagna
,,BUXTON,,Booker Cobine,Cherie Koontz
,,BUCHER,,Andy Broadstreet,Anthony Hosea
,,BROADNAX,,Bennie Konkel,Drucilla Pelham
,,BEESON,,Wallace Newill,Sharla Elsworth
,,ARAUJO,,Reginald Angelos,Tamela Andersson
,,APPLETON,,Truman Tiano,Geri Dagan
,,AMUNDSON,,Virgil Ehn,Marlyn Legros
,,AGUAYO,,Nolan Whelehan,Chanel Tredwell
,,ACKLEY,,Dante Margosian,Lynna Trabue
,,YOCUM,,Hiram Pillsbury,Lacy Villarrvel
,,WORSHAM,,Valentine Oakleaf,Kimberlie Muilenburg
,,SHIVERS,,Brendon Hail,Pearly Vereb
,,SHELLY,,Del Desalvo,Carry Leever
,,SANCHES,,Reyes Thibert,Josephina Gallager
,,SACCO,,Leslie Walshe,Sallie Maddron
,,ROBEY,,Stuart Burau,Stacey Keeler
,,RHODEN,,Roosevelt Ditzel,Kimiko Arauz
,,PENDER,,Morris Medicus,Ramonita Michelotti
,,OCHS,,Rob Mounts,Alverta Crowell
,,MCCURRY,,Herb Recchia,Burma Liller
,,MADERA,,Trenton Rufino,Geri Braucher
,,LUONG,,Paul Selvey,Eloise Kobylinski
,,LUIS,,Heriberto Iturbide,Mirian Kramb
,,KNOTTS,,Jefferey Demore,Erika Cavan
,,JACKMAN,,Dean Klaers,Rena Crossno
,,HEINRICH,,Fredrick Devor,Rosalyn Seid
,,HARGRAVE,,Bud Mcbrown,Estell Stillwell
,,GAULT,,Chad Common,Maryellen Barber
,,FOREST,,Wesley Ducrepin,Fidela Wende
,,COMEAUX,,Tyson Denlinger,Jennette Feirer
,,CHITWOOD,,Rolland Wightman,Marinda Cordrey
,,CHILD,,Carlton Veselka,Madison Klasing
,,CARAWAY,,Greg Kruschke,Rasheeda Kronberg
,,BOETTCHER,,Otto Mccallon,Shea Corkum
,,BERNHARDT,,Mary Rynearson,Linn Mcgonigle
,,BARRIENTOS,,Dave Osiecki,Marcia Abud
,,ZINK,,Rusty Waples,Enriqueta Rattley
,,WICKHAM,,Diego Dittmer,Jamila Bernstein
,,WHITEMAN,,Jae Holey,Magen Peles
,,THORP,,David Montijo,Jerri Zellars
,,STILLMAN,,Jacques Gillespi,Lovie Mauricio
,,SETTLES,,James Cage,Lana Schwarting
,,SCHOONOVER,,Hans Corda,Zelda Bohanon
,,ROQUE,,Neil Osher,Tameka Paredez
,,RIDDELL,,Bennie Gettig,Josefa Kyer
,,REY,,Faustino Chesnutt,Rosy Makin
,,PILCHER,,Werner Signorile,In Kitka
,,PHIFER,,Alonzo Mutter,Janey Kusel
,,NOVOTNY,,Stanton Reno,Thalia Feil
,,MAPLE,,Andy Reliford,Alejandrina Ramaswamy
,,MACLEOD,,Mervin Korman,Inell Konopacky
,,HARDEE,,Aaron Kingrey,Beckie Guiles
,,HAASE,,Elisha Coyazo,Demetrice Blight
,,GRIDER,,Ramiro Kennett,Harmony Patricio
,,FREDRICK,,Rickie Windish,Isabel Boies
,,EARNEST,,Elliott Budin,Tanesha Pearce
,,DOUCETTE,,Erick Carethers,Ursula Wagman
,,CLAUSEN,,Lenny Guszak,Leonida Karsten
,,CHRISTMAS,,Marlon Sylva,Dixie Shimp
,,BEVINS,,Huey Cerezo,Teena Gue
,,BEAMON,,Hans Jantzen,Inell Kurtyka
,,BADILLO,,Leopoldo Lenderman,Annemarie Lewison
,,TOLLEY,,Gabriel Lemoine,Dionne Mikels
,,TINDALL,,Darrin Sealy,Christian Brendle
,,SOULE,,Donn Salvant,Bennie Nest
,,SNOOK,,Chet Sass,Marlin Wolley
,,SEBASTIAN,,Dominic Pralle,Eunice Desue
,,SEALE,,Pete Lundborg,Lewis Manifold
,,PITCHER,,Adrian Ahrens,Noelle Clarida
,,PINKNEY,,Lanny Diventura,Liane Tyler
,,PELLEGRINO,,Earle Pfost,Judie Prehn
,,NOWELL,,Kurt Timmer,Evelina Coverdale
,,NEMETH,,Brendan Klaas,Joye Selim
,,NAIL,,Clemente Friley,Soila Papaleo
,,MONDRAGON,,Nickolas Navarette,Nilda Mattler
,,MCLANE,,Earle Hugger,Margene Imburgia
,,LUNDGREN,,Charley Breniser,Milly Loosli
,,INGALLS,,Dirk Zwerschke,Margene Jubie
,,HUDSPETH,,Tobias Korba,Simona Cressey
,,HIXSON,,Theron Portney,Megan Harle
,,GEARHART,,Herbert Miklos,Cari Trites
,,FURLONG,,Mitch Fornell,Emelda Hawke
,,DOWNES,,Brant Sheehy,Luba Eichel
,,DIONNE,,Hank Meile,Bernadine Columbo
,,DIBBLE,,Kasey Culotta,Jolene Gagney
,,DEYOUNG,,Brain Mccrohan,Mayme Palmateer
,,CORNEJO,,Berry Desanti,Dessie Roeschley
,,CAMARA,,Kirk Longsworth,Catarina Conness
,,BROOKSHIRE,,Sylvester Tokay,Celsa Luaces
,,BOYETTE,,Jame Melin,Jackelyn Athan
,,WOLCOTT,,Kirk Drozd,Jammie Flegle
,,TRACEY,,Ricardo Ahlm,Ardell Sester
,,SURRATT,,Joey Cusack,Heather Tamulis
,,SELLARS,,Chester Scungio,Lauryn Gividen
,,SEGAL,,Lucius Nettles,Ivy Mallis
,,SALYER,,Alonso Mestad,Laure Bliske
,,REEVE,,Amos Semmes,Jeneva Brasher
,,RAUSCH,,Randolph Stoesz,Kristen Mcneill
,,PHILIPS,,Nathaniel Sinyard,Shanel Schack
,,LABONTE,,Les Toohey,Debora Walbridge
,,HARO,,Normand Mckillip,Tamela Eagon
,,GOWER,,Dewey Kalafut,Clara Monzingo
,,FREELAND,,Lowell Cruikshank,Jonnie Ontiveros
,,FAWCETT,,Michal Woodside,Coral Solon
,,EADS,,Martin Farson,Estell Nanney
,,DRIGGERS,,Rashad Pistoresi,Margot Rosenberg
,,DONLEY,,Randal Homs,Vicky Mendonsa
,,COLLETT,,Olin Trafton,Veola Espenoza
,,CAGE,,Tory Despino,Winifred Gatrell
,,BROMLEY,,Gustavo Mccollester,Xuan Hebron
,,BOATMAN,,Merle Guth,Jeneva Salman
,,BALLINGER,,Cesar Knicely,Beula Towler
,,BALDRIDGE,,Antonio Uvalle,Loreta Flowe
,,VOLZ,,Felipe Gerland,Floy Jaenicke
,,TROMBLEY,,Mohamed Desmet,Elfrieda Swarner
,,STONGE,,Dwain Mancil,Catheryn Castilo
,,SILAS,,Ezequiel Mitten,Lenore Buchli
,,SHANAHAN,,Jefferson Hayek,Lucille Kiefer
,,RIVARD,,Aron Klutz,Bethel Speaker
,,RHYNE,,Marty Brands,Kathaleen Gwyn
,,PEDROZA,,Valentin Devonish,Bennie Sprankle
,,MATIAS,,Scotty Krob,Many Admas
,,MALLARD,,Aurelio Verrett,Tegan Afton
,,JAMIESON,,Galen Curtin,Jami Larkins
,,HEDGEPETH,,Art Ader,Marcene Lorensen
,,HARTNETT,,Barton Haupert,Traci Mcduff
,,ESTEVEZ,,Daryl Perricone,Oliva Mclaren
,,ESKRIDGE,,Alvin Spanier,Carola Sypher
,,DENMAN,,Deangelo Varga,Evonne Wellard
,,CHIU,,Boris Kiser,Daryl Scontras
,,CHINN,,Kraig Nowlen,Catarina Langager
,,CATLETT,,Lee Nedd,Amal Shelmon
,,CARMACK,,Lamar Hudalla,Shay Farrey
,,BUIE,,Mel Streeby,Maryln Mcindoe
,,BOOK,,Federico Mower,Shalanda Orndoff
,,BECHTEL,,Keneth Speck,Natalia Weinbach
,,BEARDSLEY,,Art Nibbs,Danette Walrath
,,BARD,,Deangelo Seung,Han Fedorchak
,,BALLOU,,Johnnie Goertz,Agripina Hektner
,,WINDSOR,,Zackary Aper,Ciara Pyle
,,ULMER,,Dion Reiger,Susie Gurley
,,STORM,,Michal Snellings,Thomasine Teem
,,SKEEN,,Jarvis Balkus,Danelle Cooperstein
,,ROBLEDO,,Kyle Chamnanphony,Van Belk
,,RINCON,,Ollie Veazey,Jewell Strathy
,,REITZ,,Delmar Lasiter,Tamara Baccari
,,PIAZZA,,Brock Welti,Tashia Neat
,,PEARL,,Bart Yerigan,Michell Calnen
,,MUNGER,,Haywood Morishita,Omega Monell
,,MOTEN,,Jeremy Mital,Kyle Goodly
,,MCMICHAEL,,Gabriel Unsell,Maribel Froning
,,LOFTUS,,Noel Dunkle,Keren Battiste
,,LEDET,,Luciano Boback,Corliss Belvin
,,KERSEY,,Jarred Verville,Carletta Naselli
,,GROFF,,Norberto Montondo,Giselle Clause
,,FOWLKES,,Noah Gollnick,Shantell Stiles
,,FOLK,,Trenton Dominy,Risa Richberg
,,CRUMPTON,,Beau Masker,Barbie Baile
,,COLLETTE,,Keith Beagley,Hortencia Barbuto
,,CLOUSE,,Allan Pennycuff,Karrie Shaff
,,BETTIS,,Arlie Lishman,Treasa Geach
,,VILLAGOMEZ,,Normand Havlicek,Curtis Vaneyck
,,TIMMERMAN,,Landon Mcirvin,Asuncion Whitsey
,,STROM,,Thomas Reilley,Katina Pye
,,SAUL,,Sandy Minteer,Arla Bainum
,,SANTORO,,Jordon Nowicki,Coretta Grof
,,RODDY,,Stevie Nealley,Glenda Wahlstrom
,,PHILLIP,,Carter Floria,Kiana Mckellip
,,PENROD,,Bryon Bartone,Araceli Lapadula
,,MUSSELMAN,,Douglas Dameron,Emmaline Barayuga
,,MACPHERSON,,Arlie Mignano,Charita Gragg
,,LEBOEUF,,Charles Wandrei,Valerie Aruizu
,,HARLESS,,Quintin Shiro,Lilliam Saks
,,HADDAD,,Alphonse Belnap,Jacinta Gerard
,,GUIDO,,Dan Coppenger,Valeri Morosco
,,GOLDING,,Chase Lambrecht,Kemberly Derousse
,,FULKERSON,,Hai Clampitt,Shante Minihane
,,FANNIN,,Randal Overman,Lavonda Wake
,,DULANEY,,Erwin Wygle,Malika Nelton
,,DOWDELL,,Dwain Gadd,Nannette Selvera
,,DEANE,,Dane Paille,Marilou Dockins
,,COTTLE,,Isreal Stepro,Robbie Jurkowski
,,CEJA,,Merrill Rondeau,Mariette Patts
,,CATE,,Jess Contratto,Siu Paoli
,,BOSLEY,,Chong Roma,Britt Lail
,,BENGE,,Ralph Aller,Collen Basu
,,ALBRITTON,,Corey Mclure,Emma Kreck
,,VOIGT,,Long Cremeens,Lan Fukuda
,,TROWBRIDGE,,Federico Peterschick,Yael Yanes
,,SOILEAU,,Sidney Klostermann,Hyon Corgiat
,,SEELY,,Berry Logan,Cammie Wilcoxon
,,ROME,,Anibal Marville,Marna Elwonger
,,ROHDE,,Earl Rockwell,Mirta Poitevin
,,PEARSALL,,Sang Starnauld,Pricilla Willinghurst
,,PAULK,,Elliot Sitton,Bettye Huhn
,,ORTH,,Harold Genous,Herminia Osbourne
,,NASON,,Fredric Murrain,Audie Herforth
,,MOTA,,Giuseppe Bledsaw,Yolando Nott
,,MCMULLIN,,Wilbert Stevenson,Ann Harthorne
,,MARQUARDT,,Shannon Amar,Dung Davick
,,MADIGAN,,Heath Brose,Rosita Catrett
,,HOAG,,Kurtis Woehrle,Pia Hirano
,,GILLUM,,Junior Blasengame,Gia Avitabile
,,GAYLE,,Xavier Jervey,Marybelle Noyd
,,GABBARD,,Mckinley Pink,America Sochor
,,FENWICK,,Louie Garduno,Sharyl Bellow
,,FENDER,,Geraldo Marbut,Delicia Syracuse
,,ECK,,Jarrett Mellard,Daryl Spehar
,,DANFORTH,,Ariel Augusto,Maegan Huey
,,CUSHING,,Dick Munroe,Crista Kolda
,,CRESS,,Emmanuel Rossa,Katherina Vignaux
,,CREED,,Jarred Larney,Tu Bushmaker
,,CAZARES,,Theo Tietjen,Candis Plymale
,,CASANOVA,,Blake Knecht,Eneida Vanish
,,BEY,,Pasquale Flournoy,Inez Hooton
,,BETTENCOURT,,Teddy Lose,Karin Pomella
,,BARRINGER,,Sebastian Neumiller,Ria Sandhaus
,,BABER,,Mason Siske,Muoi Degiacomo
,,STANSBERRY,,Salvatore Amerine,Marietta Entin
,,SCHRAMM,,Jeff Defore,Loma Batun
,,RUTTER,,Duncan Crumby,Kara Solis
,,RIVERO,,Anibal Culliton,Emmaline Schlesselman
,,RACE,,Rusty Moutray,Summer Dudasik
,,OQUENDO,,Peter Owsley,Christa Carbonell
,,NECAISE,,Scotty Okoniewski,Delilah Foutz
,,MOUTON,,Terrell Powley,Luana Legler
,,MONTENEGRO,,Milton Boteilho,Tien Marvel
,,MILEY,,Cedric Schonberger,Orpha Feibusch
,,MCGOUGH,,Antoine Portland,Donette Kienitz
,,MARRA,,Dennis Kockler,Halley Ioli
,,MACMILLAN,,Benton Attanasio,Gerry Anderl
,,LOCK,,Josh Rideaux,Joey Henesey
,,LAMONTAGNE,,Bo Koskinen,Mark Strahle
,,JASSO,,Vincenzo Renko,Beatriz Westphalen
,,JAIME,,Reyes Strozier,Leisha Homes
,,HORST,,Dante Krohn,Nicole Haymaker
,,HETRICK,,Landon Nucklos,Katy Nason
,,HEILMAN,,Alva Maguet,Hilary Ogrady
,,GAYTAN,,Ezekiel Conception,Terry Giraud
,,GALL,,Eliseo Kabat,Livia Kala
,,FRIED,,Lonnie Helmink,Clair Maritt
,,FORTNEY,,Austin Clower,Indira Chancey
,,EDEN,,Enoch Borgia,Vicky Fosnough
,,DINGLE,,Amado Caterina,Mardell Masch
,,DESJARDINS,,Donnell Vandergriend,Ofelia Pollick
,,DABBS,,Gerry Mrowka,Florine Kovalik
,,BURBANK,,Dino Minardi,Robbi Bischof
,,BRIGHAM,,Harris Robleto,Cherri Lindbeck
,,BRELAND,,Lynn Maldanado,Lauryn Matsubara
,,BEAMAN,,Leslie Mavins,Alycia Eckman
,,BANNER,,Riley Skrip,Racheal Sedenko
,,ARRIOLA,,Lester Pozo,Rena Messer
,,YARBOROUGH,,Arden Sarpy,Fredericka Savickas
,,WALLIN,,Eliseo Sawka,Phung Ashley
,,TREAT,,Norbert Maaske,Randa Marker
,,TOSCANO,,Jarred Jensvold,Carola Edgeworth
,,STOWERS,,Hollis Luu,Kitty Asakura
,,REISS,,Wilford Uyehara,Ella Nappier
,,PICHARDO,,Freddy Yerkes,Tamesha Lowenstein
,,ORTON,,Alonzo Huson,Myrtle Wheeland
,,MITCHEL,,Thad Rae,Dennis Biondolillo
,,MICHELS,,Forrest Dixey,Britney Bowdry
,,MCNAMEE,,Christoper Derenzo,Kamilah Pacelli
,,MCCRORY,,Edmund Gottlob,Kathaleen Padillia
,,LEATHERMAN,,Omar Bhatia,Audria Zents
,,KELL,,Raphael Szostak,Karina Tuten
,,KEISTER,,Emmett Jugan,Jacqualine Horvers
,,JEROME,,Ted Rogness,Billy Maddox
,,HORNING,,Arthur Phinazee,Joelle Harne
,,HARGETT,,Damien Victoria,Marg Aselage
,,GUAY,,Wilburn Wetherill,Lauralee Lattari
,,FRIDAY,,Darrell Peterka,Millie Tamura
,,FERRO,,Denver Serafin,Elnora Bork
,,DEBOER,,Xavier Saller,Mariah Carano
,,DAGOSTINO,,Pasquale Cristofori,Retta Nohel
,,CLEMENTE,,Vito Liptrot,Catalina Ketola
,,CHRIST,,Korey Buttrum,Charlotte Dellow
,,CARPER,,Demetrius Sakata,Paola Mcguckin
,,BOWLER,,Patricia Langill,Hortencia Vonderheide
,,BLANKS,,Judson Dunny,Naida Viviani
,,BEAUDRY,,Greg Bartnik,Bridgett Rothchild
,,WILLIE,,Shelby Bekius,Chandra Vaillancourt
,,TOWLE,,Shelby Sexauer,Lia Sitsler
,,TAFOYA,,Tyson Lalonde,Loyce Dyas
,,STRICKLIN,,Ward Gillikin,Erminia Seppi
,,STRADER,,Ezra Goade,Rocio Caulfield
,,SOPER,,Ronnie Mcguigan,Natashia Odoherty
,,SONNIER,,Colby Lankard,Dovie Winborn
,,SIGMON,,Jospeh Petosa,Demetra Rucker
,,SCHENK,,Monte Redondo,Kerry Tinneberg
,,SADDLER,,Dusty Regnier,Candyce Petter
,,RODMAN,,Tracy Stief,Merna Eschen
,,PEDIGO,,Dee Mackynen,Audry Louthan
,,MENDES,,Rodney Bue,Bobbye Hanhardt
,,LUNN,,Cyril Volmer,Hisako Raynolds
,,LOHR,,Wade Liendo,Shiela Fingerhut
,,LAHR,,Owen Ripley,Sybil Fredericks
,,KINGSBURY,,Mathew Symons,Fanny Hoda
,,JARMAN,,Domingo Tennill,Barbara Pinzone
,,HUME,,Mauricio Supernault,Cathryn Creeden
,,HOLLIMAN,,Wiley Coby,Esta Perdew
,,HOFMANN,,Florencio Pacitto,Ilona Ganske
,,HAWORTH,,Cornell Marvier,Leslee Engelbert
,,HARRELSON,,Will Boer,Tangela Bergeaux
,,HAMBRICK,,Donn Turmelle,Shanae Southmayd
,,FLICK,,Ahmad Polisky,Beata Orso
,,EDMUNDS,,Donovan Mahi,Lyn Rappleyea
,,DACOSTA,,Juan Fellner,Bobbie Prenatt
,,CROSSMAN,,Luigi Sebourn,Dannielle Caban
,,COLSTON,,Porter Loreaux,Leslee Kimler
,,CHAPLIN,,Giuseppe Sigala,Sirena Sar
,,CARRELL,,Norbert Widerski,Omega Grudt
,,BUDD,,Sean Donaghey,Magdalene Nani
,,WEILER,,Jonas Mcneel,Fanny Greis
,,WAITS,,Tomas Albaladejo,Cherry Turrentine
,,VIOLA,,Leon Lynd,Maricruz Burlingame
,,VALENTINO,,Vincent Gales,Manda Carranza
,,TRANTHAM,,Riley Rosendo,Trudy Herman
,,TARR,,Sang Stegmaier,Nickie Tiehen
,,STRAIGHT,,Johnathan Ide,Briana Corathers
,,SOLORIO,,Douglass Fantasia,Mireya Dabadie
,,ROEBUCK,,Jan Purchase,Nikita Lansford
,,POWE,,Del Grotts,Tina Dahman
,,PLANK,,Rico Robinett,Adria Consalvo
,,PETTUS,,Terrance Laub,Krystle Carbine
,,PALM,,Casey Serviss,Jaunita Shuffield
,,PAGANO,,Juan Aungst,Kaleigh Egelhoff
,,MINK,,Rory Sieracki,Lilla Chilek
,,LUKER,,Kendrick Hougham,Aracelis Bludworth
,,LEATHERS,,Jay Hocker,Bea Smylie
,,JOSLIN,,Haywood Derden,Joannie Rickson
,,HARTZELL,,Carmelo Meeker,Jaquelyn Gressett
,,GAMBRELL,,Jake Midy,Cherie Ayles
,,FEARS,,Micah Luera,Alva Pandit
,,DEUTSCH,,Roman Ulmen,Nancie Rosal
,,CEPEDA,,Tracy Kopko,Henrietta Janos
,,CARTY,,Deon Derrah,Billye Sisko
,,CAPUTO,,Jacinto Stachowski,Roberta Kemppainen
,,BREWINGTON,,Jeffery Mcpeek,Dollie Davids
,,BEDELL,,Brady Siggers,Fatima Heikkinen
,,BALLEW,,Warner Aceves,Harold Bruemmer
,,APPLEWHITE,,Elmo Peraza,Vida Trigo
,,WARNOCK,,Terry Vanelderen,Irmgard Klunk
,,WALZ,,Jewell Serrano,Lakeshia Murguia
,,URENA,,Donte Carnalla,Fidela Corns
,CATHERIN,TOM,,Luke Shoun,Marquitta Strassel
,BEBE,CARRION,,Lynn Gartman,Isis Ade
,WILLENA,PERRIN,,Valentin Puthoff,Jung Imrie
,DIA,HORAN,,Florentino Lohwasser,Kevin Himebaugh
,DENISSE,HALES,,Jamison Discenza,Edna Rippon
,DELORAS,GARMON,,Kirby Garringer,Tiesha Fannings
,DELILA,FITTS,,Theodore Mccament,Charis Lauster
,DAYSI,DELL,,Jeffry Raymo,Megan Hogancamp
,DAKOTA,BOHN,,Maynard Kefauver,Desiree Centola
,CURTIS,ATCHISON,,Mary Bollozos,Shana Mould
,CRYSTLE,WORTH,,Adolfo Gasco,Curtis Dukelow
,CONCHA,WISNIEWSKI,,Nicholas Dado,Esta Holla
,COLBY,WILL,,Virgilio Ranft,Laurence Cina
,CLARETTA,VANWINKLE,,Wayne Champoux,Karon Adkins
,CHU,STURM,,Julio Rio,Krystina Koszyk
,CHRISTIA,SALLEE,,Jonathon Suganuma,Debbra Berky
,CHARLSIE,PROSSER,,Josue Carasco,Dean Buchta
,,FAWCETT,,Michal Woodside,Coral Solon
,,EADS,,Martin Farson,Estell Nanney
,,DRIGGERS,,Rashad Pistoresi,Margot Rosenberg
,,DONLEY,,Randal Homs,Vicky Mendonsa
,,COLLETT,,Olin Trafton,Veola Espenoza
,,TUDOR,,Collin Wyss,Cherelle Foots
,,REEL,,Lucius Mcqueary,Miranda Plys
,,PIGG,,Bradley Petters,Olive Vosmus
,,PARTON,,Joseph Hambly,Hildegarde Groepper
,,MICKELSON,,Ramon Cartlidge,Randy Gandee
,,MEAGHER,,Eloy Mcinture,Monet Mcmindes
,,MCLELLAN,,Hassan Altieri,Terrell Cronshaw
,,MCCULLEY,,Augustine Blankenbeckle,Fay Donnally
,,MANDEL,,Darwin Huckeby,Deane Matsen
,,LEECH,,Boyd Greenburg,Dwana Sivic
,,LAVALLEE,,Demarcus Dargie,Donnie Dejonge
,,KRAEMER,,Edward Henton,Helena Sawatzky
,,KLING,,Lee Hererra,Dorcas Paquette
,,KIPP,,Fred Holmquist,Jean Chilen
,,KINGSTON,,Caleb Mulvaney,Meggan Vandeusen
,,KEHOE,,Jaime Yocham,Melynda Ewens
,,HOCHSTETLER,,Tory Dilibero,Vashti Makin
,,HARRIMAN,,Billy Carithers,Shondra Arreguin
,,GREGOIRE,,Timmy Kindall,Trisha Mitchem
,,GRABOWSKI,,Barney Culliver,Annabel Springs
,,GOSSELIN,,Antione Compono,Johnsie Montross
,,GAMMON,,Colton Costaneda,Carmon Deberry
,,FANCHER,,Clayton Barakat,Kyung Valadao
,,EDENS,,Perry Hazlewood,Rosalia Belgrade
,,DESAI,,Heath Rebollar,Cristi Urich
,,BUTT,,Pedro Lafever,Matilda Berlanga
,,BRANNAN,,Lacy Tsutsumi,Violet Armer
,,ARMENDARIZ,,Fred Deale,Dawne Zangl
,,WOOLSEY,,Kurtis Noles,Veronika Mitts
,,WHITEHOUSE,,Marion Challis,Sharyl Bocanegra
,,WHETSTONE,,Fernando Jinright,Casandra Slick
,,USSERY,,Terrell Bondi,Roselyn Linton
,,TOWNE,,Milton Kovats,Lasandra Arnstein
,,TOWER,,Raymundo Natiello,Delilah Carrel
,,TESTA,,Luigi Devers,Demetra Guilboard
,,TALLMAN,,Hans Onstead,Erinn Selders
,,STUDER,,Fernando Rekuc,Carisa Sbano
,,STRAIT,,Will Rhed,Ilse Dinh
,,STEINMETZ,,Rory Youngstrom,Josefa Carmella
,,SORRELLS,,Luther Florian,John Philippi
,,SAUCEDA,,Dan Bichsel,Paulene Snowdy
,,ROLFE,,Odell Sain,Jeraldine Rincon
,,RAE,,Werner Sayavong,Wei Feagan
,,PADDOCK,,Galen Madruga,Micah Schaich
,,MITCHEM,,Claud Dreisbach,Josefine Lacross
,,MCGINN,,Carter Watcher,Mark Peevey
,,MCCREA,,Hilton Earles,Marlyn Stainbrook
,,LUCK,,Keven Koetting,Liana Godert
,,LOVATO,,Keenan Palladino,Bianca Loeb
,,LING,,Raul Rocamora,Tamara Sturtevant
,,HAZEN,,Norman Foste,Walter Mickles
,,GILPIN,,Shayne Nestle,Charlette Mimnaugh
,,GAYNOR,,Christoper Diluzio,Deja Bump
,,FIKE,,Darrick Balick,Ellyn Zindel
,,DEVOE,,Raleigh Jeans,Ida Weissenborn
,,DELRIO,,Myron Felts,Lesley Winders
,,CURIEL,,Darrel Abascal,Eliza Havers
,,BURKHARDT,,Jere Syring,Fallon Safi
,,BRISTOL,,Noe Blaker,Yun Fettes
,,BODE,,Perry Gaff,Noella Trimm
,,BACKUS,,Cary Ehlers,Vania Maglott
,,ALTON,,Willie Schmits,Nanci Rancourt
,,ZINN,,Wilber Risse,Yuri Krumwiede
,,WATANABE,,Jonathan Czaplinski,Doretta Damelio
,,WACHTER,,Charley Gasmen,Eula Sifuentes
,,VANPELT,,Lowell Pradier,Elinore Nilges
,,TURNAGE,,Lonny Janus,Roselee Eaton
,,SHANER,,Pablo Cap,Lezlie Bown
,,SCHRODER,,Curt Migliorisi,Perla Selk
,,SATO,,Hobert Fioravanti,Bell Lease
,,RIORDAN,,Edwardo Mulling,Lonna Powis
,,QUIMBY,,Donnell Mccumiskey,Juan Schuchard
,,PORTIS,,Dana Avalos,Diann Wimpy
,,NATALE,,Guy Darrow,Lorretta Tocco
,,MCKOY,,Russel Henschel,Chantelle Stacker
,,MCCOWN,,Jed Andris,Lael Lafferty
,,MARKER,,Ike Crouthamel,Karrie Shaefer
,,LUCIO,,Guy Rygiel,Kenna Blixt
,,KILMER,,Ronny Boutwell,Yukiko Upwall
,,KARL,,Tomas Klima,Meri Martinex
,,HOTCHKISS,,Tom Goracke,Verna Woodrome
,,HESSE,,Aurelio Slota,Ceola Santmyer
,,HALBERT,,Shad Barretto,Elease Hulme
,,GWINN,,Elton Schwalb,Darla Coale
,,GODSEY,,Frances Pilla,Fernande Frain
,,DESMOND,,Ethan Melusky,Meghan Boscarello
,,DELISLE,,Dorsey Golab,Holli Zingone
,,CHRISMAN,,Rickey Berlinger,Sebrina Parkhurst
,,CANTER,,Monte Daguerre,Leigha Bluth
,,BROOK,,Myles Hintermeister,Sherri Costilla
,,ARBOGAST,,Nicky Kelp,Toshia Marcial
,,ANGELL,,Royal Malo,Alishia Yahn
,,ACREE,,Adalberto Mariner,Charlie Solum
,,YANCY,,Ariel Carreras,Jeanett Pilcher
,,WOOLLEY,,Reginald Mattoon,Sanora Bertone
,,WESSON,,Kent Menez,Shela Lloid
,,WEATHERSPOON,,Stanford Sevenbergen,Stacee Dungee
,,TRAINOR,,Irving Allmon,Shanice Koetting
,,STOCKMAN,,Martin Battaglia,Renna Frueh
,,SPILLER,,Larry Banfill,Kazuko Janey
,,SIPE,,Benedict Rossini,Keeley Missel
,,ROOKS,,Alonso Ungerecht,Remona Betson
,,REAVIS,,Cary Redeker,Anneliese Tonozzi
,,PROPST,,Newton Candela,Gregoria Quintero
,,PORRAS,,Shad Goeppner,Shala Kibe
,,NEILSON,,Erik Cranker,Pok Araujo
,,MULLENS,,Floyd Vandever,Marion Bumby
,,LOUCKS,,Joaquin Raider,January Latimer
,,LLEWELLYN,,Mathew Kovarik,Astrid Nemecek
,,LAMONT,,Israel Schepp,Rosalia Fickling
,,KUMAR,,Juan Czapla,Mattie Aravjo
,,KOESTER,,Josh Warbington,Amie Schmitt
,,KLINGENSMITH,,Sonny Pelz,Vernita Mceachern
,,KIRSCH,,Hector Phillis,Clementine Bure
,,KESTER,,Vern Scull,Catarina Hickingbottom
,,HONAKER,,Winfred Arnaud,Pei Archer
,,HODSON,,Nicolas Sy,Eve Farinella
,,HENNESSY,,Clyde Heinze,Denae Bressi
,,HELMICK,,Tyron Wacaster,Kina Barrale
,,GARRITY,,Austin Congress,Doria Bradner
,,GARIBAY,,Dwain Duperry,Christeen Entwisle
,,FEE,,Haywood Chatagnier,Twanda Blaser
,,DRAIN,,Fletcher Bielby,Hedy Strain
,,CASAREZ,,Forrest Grannell,Mittie Mikos
,,CALLIS,,Ralph Dorka,Kemberly Hamby
,,BOTELLO,,Mohammed Whetsel,Jule Carnes
,,BAY,,Chauncey Mccommon,Salley Rusk
,,AYCOCK,,Perry Pola,Ami Colorado
,,AVANT,,Everett Ciafardoni,Mariela Jaros
,,ANGLE,,Irving Busque,Kathey Hwang
,,WINGARD,,Saul Neiswander,Claretha Haner
,,WAYMAN,,Fidel Sperl,Adelaide Ytuarte
,,TULLY,,Ernie Piatak,Odette Blackwell
,,THEISEN,,Grant Clague,Claretha Okoro
,,SZYMANSKI,,Bradford Zoglmann,Fernanda Fioritto
,,STANSBURY,,Columbus Bustillo,So Lafountain
,,SEGOVIA,,Reid Tulip,Mariam Cobian
,,RUDY,,Ashley Bickell,Aurea Payton
,,RAINWATER,,Louie Vollmer,Chasity Sorgi
,,PREECE,,Michale Rumbo,Alene Aavang
,,PIRTLE,,Matthew Golding,Albertina Ruszkowski
,,PADRON,,Sidney Leconte,Glynis Staple
,,MINCEY,,Noel Vachula,Luvenia Egleton
,,MCKELVEY,,Ian Loughney,Carie Kalkbrenner
,,MATHES,,Dewitt Creasy,Samatha Berkovitz
,,MARTY,,Dwayne Gonska,Gussie Grooms
,,LARRABEE,,Harold Lofquist,Bernie Garg
,,KORNEGAY,,Shelby Durnell,Lucia Laliotis
,,KLUG,,Jorge Citrin,Jon Frothingham
,,JUDY,,Collin Topps,Thomasina Halasz
,,INGERSOLL,,Carey Gans,Vannesa Ximenez
,,HECHT,,Carmen Frankowski,Debi Deconti
,,GERMAIN,,Tyler Flesch,Bao Demarinis
,,EGGERS,,Collin Lisowski,Natisha Tischler
,,DYKSTRA,,Kennith Granade,Ewa Rosenburg
,,DENIS,,Lester Kindl,Kandice Fleitas
,,DEERING,,Lawerence Bise,Mario Ramsdale
,,DECOTEAU,,Darryl Eischen,Hortensia Schubert
,,DEASON,,Hans Bealer,Yuki Edgcomb
,,DEARING,,Garrett Baster,Tatyana Lykens
,,COFIELD,,Roman Mark,Eladia Vannah
,,CARRIGAN,,Pete Cammarata,Tenesha Ottman
,,BRUSH,,Sanford Crudup,Tonya Sukhram
,,BONHAM,,Reinaldo Henehan,Corinne Rhone
,,BAHR,,Donnie Mcguigan,Adri